id,name,description,ean,upc,image,net_price,taxes,price
1,Qui ea ad dignissimos neque.,Ducimus ducimus nulla debitis impedit magni. Et eligendi libero dignissimos quos. Qui doloremque illo exercitationem aspernatur.,3821601224810,863977162080,http://placeimg.com/640/480/tech,324140131.01,12,363036946.73
2,Est ut cumque eos est.,Quod maxime consectetur iure nam iusto corporis. Necessitatibus labore est vel perferendis ut. Ad quia nobis sunt recusandae assumenda pariatur. Pariatur possimus vel voluptas sunt a qui.,9344136630542,238676369082,http://placeimg.com/640/480/tech,1692.22,12,1895.29
3,Ut nulla quisquam est et.,Recusandae minus dolorem qui ex non voluptatum. Vero ipsa qui quo perspiciatis. Et minus qui recusandae sit vel recusandae.,1296458159387,433090277698,http://placeimg.com/640/480/tech,30046384.39,12,33651950.52
4,Nisi aut illum nam.,Laborum itaque odio animi tempora qui. Non dolor temporibus est voluptatibus ea quia. Velit ad quia maiores nobis aut.,9929929272071,827751738482,http://placeimg.com/640/480/tech,43013030.51,12,48174594.17
5,Quos excepturi sit vel.,Aut dolore nihil ea voluptas accusamus repellendus. Fuga at sed reiciendis enim reiciendis. Fuga error eum quo sunt sit laudantium.,2366478585165,353637039667,http://placeimg.com/640/480/tech,308108269.41,12,345081261.74
6,Aut vitae fuga iure nobis.,Et quo delectus reprehenderit nesciunt at et. Sint quis quas hic earum alias. Nisi cupiditate perferendis autem hic.,5117103906513,425008774922,http://placeimg.com/640/480/tech,115.38,12,129.23
7,Ipsam ad beatae dignissimos.,Rerum odio enim fugit. Aliquid cupiditate ipsam accusantium eius nihil. Eos cupiditate et exercitationem soluta. Est id nemo soluta error voluptatum praesentium.,7819887175489,750364705714,http://placeimg.com/640/480/tech,3.72,12,4.17
8,Quidem magnam in magni.,Voluptatem quas et molestias nulla iusto non adipisci. Nostrum reiciendis vel in voluptates vel. Dolorem temporibus ipsa maxime voluptates voluptate et quisquam.,7965222731626,193454171119,http://placeimg.com/640/480/tech,438569.41,12,491197.74
9,Tempora sint id quo aut.,Quasi deleniti dolores non debitis natus eligendi. Similique aut corporis cumque. Natus magni dolores iste doloremque iusto dolore est ullam.,7818009618545,235289229266,http://placeimg.com/640/480/tech,0.7,12,0.78
10,Et aperiam veniam sit.,Est dolorem ipsum qui unde. Sint rerum quasi pariatur corrupti vel perferendis qui. Provident dolor asperiores sequi excepturi.,5691559027584,116220358984,http://placeimg.com/640/480/tech,688950477,12,771624534.24
11,Tempora animi officiis quia.,Dolore quia voluptates molestiae quibusdam. Aperiam aliquam omnis omnis quod quibusdam quam soluta suscipit. Quam aliquam ipsa expedita ratione. Voluptate iste dolorem similique placeat.,7048557868974,198608837426,http://placeimg.com/640/480/tech,698852.34,12,782714.62
12,Est voluptas pariatur porro.,Officiis eius vero omnis consequuntur est quo. Praesentium perspiciatis omnis enim facere assumenda possimus quaerat. Eligendi nihil fuga molestiae qui velit ea ipsam.,6417180295814,229919959276,http://placeimg.com/640/480/tech,932506.27,12,1044407.02
13,Nobis debitis ipsum quas qui.,Enim inventore fuga voluptates porro dolor adipisci. Voluptatem aperiam velit quo sed iusto vitae nemo. Temporibus rerum fugit beatae consequatur.,2705149958974,544524426876,http://placeimg.com/640/480/tech,46.27,12,51.82
14,Necessitatibus et rem modi.,Omnis voluptatem voluptas et quos aut consequatur. Quam voluptatem sunt omnis quia id et.,5328592411666,336934182458,http://placeimg.com/640/480/tech,29560.34,12,33107.58
15,Numquam ut quia pariatur.,Quasi aspernatur exercitationem voluptas facilis et et. Aut nemo commodi ut. Aperiam magnam consequatur sint aliquam et. Eveniet nisi modi excepturi et sit et et vero.,5790516969117,902825340181,http://placeimg.com/640/480/tech,4751.63,12,5321.83
16,Rem nemo ut omnis vel harum.,Qui sed dolorum enim saepe. Non omnis id doloremque ut ut. Vel sit ea rerum officiis quo dolor. Consequuntur nihil autem velit similique ipsa.,9804100699185,733304798958,http://placeimg.com/640/480/tech,17.13,12,19.19
17,Dolor aut et veniam.,Voluptate ut et amet doloribus iusto nulla quia accusantium. Molestiae accusantium corrupti perspiciatis qui facere aut voluptate.,0048991997787,451000173700,http://placeimg.com/640/480/tech,2303.44,12,2579.85
18,Repellat libero qui rerum.,Reiciendis harum laborum repellendus. Modi veniam est enim cumque vero. Qui corporis explicabo qui dolorem dolor sunt porro.,8012092677222,330788357239,http://placeimg.com/640/480/tech,170110.15,12,190523.37
19,Est ducimus et vel.,Exercitationem sint eum accusantium esse. Doloribus fugit eveniet cupiditate ut qui aut. Qui est eligendi velit quaerat veniam aliquam. Esse dolore ipsa sunt temporibus.,2417791885095,135722974446,http://placeimg.com/640/480/tech,2631912.06,12,2947741.51
20,Et aut ut voluptates maxime.,Magnam mollitia recusandae sapiente ea inventore. Quibusdam quidem praesentium ipsam totam voluptatem aliquam ut. Aliquam est vel non. Tempore atque et quas sequi.,3094004516794,915157341008,http://placeimg.com/640/480/tech,396.01,12,443.53
21,Est ut ad ipsam.,Non eius autem ducimus iusto reprehenderit quos et. Animi numquam quas nobis tempore pariatur. Veniam corrupti voluptatem iste ullam incidunt asperiores odio.,0133147476466,002087191228,http://placeimg.com/640/480/tech,26.9,12,30.13
22,Et suscipit animi aut sequi.,Quo dolor quo accusamus saepe labore cum. Quae qui dolore et et officia dolor. Qui autem voluptatibus et quia aspernatur ratione. Magnam aut aperiam placeat quis nihil dolorem eveniet.,2976812314384,965655643590,http://placeimg.com/640/480/tech,1069494.19,12,1197833.49
23,Sint aut quas rerum.,Quae quis culpa ipsam libero minus libero animi. Voluptatibus quidem sequi occaecati et magnam. Consequatur exercitationem voluptatem distinctio qui veniam sit cum.,3298384780787,155634189895,http://placeimg.com/640/480/tech,60259473.02,12,67490609.78
24,Dicta ducimus illum id.,Mollitia possimus quae enim aut eaque voluptatem occaecati. Similique dignissimos temporibus voluptas et id consequatur et. Et deserunt id facilis porro eveniet culpa accusamus. Quis aut unde sint.,5895396180093,010892653166,http://placeimg.com/640/480/tech,468598.09,12,524829.86
25,Qui sed ea ut fugiat.,Id possimus molestiae est qui ipsa. Eveniet amet eaque tenetur sapiente quae delectus. Est tenetur laborum sapiente ratione. Aut quibusdam est deleniti et debitis in iusto blanditiis.,1532557514093,190681101578,http://placeimg.com/640/480/tech,3.32,12,3.72
26,Repudiandae quae quis aut.,Mollitia assumenda reprehenderit praesentium sit fugiat. Commodi vero id non. Numquam unde neque molestiae neque et et iusto. Voluptatum quasi sunt omnis provident corrupti magni.,6676278289368,205533980610,http://placeimg.com/640/480/tech,376.97,12,422.21
27,Dicta omnis saepe distinctio.,Possimus aliquam tempore autem nam. Voluptate eum enim et quae recusandae officiis. Unde et accusamus laboriosam et odit a.,5877588473213,515263146888,http://placeimg.com/640/480/tech,22.69,12,25.41
28,Rerum ab dolorum sint.,Neque nemo qui sapiente dolorem. Qui vel et tenetur aperiam ex laborum reiciendis. Iusto quod eaque qui quis harum quaerat enim sit. Reprehenderit eius totam dolores ex totam minus.,2523804654395,560865011031,http://placeimg.com/640/480/tech,16.59,12,18.58
29,Alias ut quia et.,Maiores velit minima sit ut. Nesciunt iste accusantium minima architecto molestias. Quae ut quis soluta sed aut corporis omnis.,7094077281106,466768971639,http://placeimg.com/640/480/tech,494872.35,12,554257.03
30,Deleniti eveniet eius non id.,Et quo omnis dolorum doloremque. Molestias maiores nam quae. Inventore odit quis ut dolores ut.,4186373894999,853649210055,http://placeimg.com/640/480/tech,114016.16,12,127698.1
31,Quia id voluptatem qui.,Rerum dolorem alias voluptates. Est blanditiis occaecati aut exercitationem asperiores. Beatae repellat asperiores rem nisi et. Eos eum officia ut sit officia eveniet dolor.,4594463111756,845441081030,http://placeimg.com/640/480/tech,6.85,12,7.67
32,Eius et ut ipsam reiciendis.,Corporis id non quia repellat quibusdam doloribus qui. Earum laudantium veniam culpa nobis laudantium repellendus. Reiciendis et repellat eius eius voluptas rerum. Dolorum sapiente est ad possimus.,1744511785344,507164678843,http://placeimg.com/640/480/tech,0.78,12,0.87
33,Labore qui quam nihil omnis.,Omnis occaecati alias officia laudantium debitis nihil omnis. Vel minus nihil quas voluptatibus cumque. Sit et nemo est molestiae porro.,3263078301951,679264667293,http://placeimg.com/640/480/tech,147253.44,12,164923.85
34,Dicta animi labore id iure.,In aut voluptas officia ad sunt et repudiandae aut. Minima illum quos recusandae rerum aliquid.,5228669844666,311987589086,http://placeimg.com/640/480/tech,137603.16,12,154115.54
35,Culpa culpa eius expedita.,Quis quia ad fuga dicta eum. Et atque itaque quis facere harum dolor dicta maxime. Omnis expedita et doloremque.,9182108897599,645704440384,http://placeimg.com/640/480/tech,524040.82,12,586925.72
36,Aut ut molestiae neque.,Voluptatem qui porro ut ullam et. Quo ut dignissimos in eum tempore. Harum non qui quisquam provident autem.,3696072970876,583776003537,http://placeimg.com/640/480/tech,35364.89,12,39608.68
37,Eos sed quod perspiciatis.,Est fugiat facilis est dolores dicta itaque sint. Dolorem beatae consequuntur voluptas at eveniet et aut. Commodi voluptatem et velit dolores.,4094945554908,502343869783,http://placeimg.com/640/480/tech,1513.77,12,1695.42
38,Dolor aut qui tempora rerum.,Illo sed ut in similique qui. Aut dolorem distinctio cumque quisquam. Dolore aliquam rem reprehenderit earum maiores odio.,9480246076990,352147982102,http://placeimg.com/640/480/tech,153.08,12,171.45
39,Veritatis ut rerum dicta.,Delectus quod dolores tempore unde illo et ratione. Ut aut adipisci illo quam rerum eos et. Ea non voluptatum velit aliquam ea explicabo deserunt.,7065431168302,586482177424,http://placeimg.com/640/480/tech,41583.88,12,46573.95
40,Rem quo facere sed est.,Ab praesentium quisquam eligendi tempora aliquam praesentium atque quos. Quisquam consequatur voluptas qui. Dolorum modi dicta nihil deserunt. Dolores ea ipsam excepturi.,0245746832526,962035872084,http://placeimg.com/640/480/tech,26498.43,12,29678.24
41,Qui eos sed et.,Quae tempore quas qui nobis unde voluptatibus. Expedita dignissimos non voluptates facere fugit et animi enim. Est sunt iure accusamus hic.,5417489573805,086392379203,http://placeimg.com/640/480/tech,4,12,4.48
42,Officiis sit quidem possimus.,Consequatur quia dolorem cum quis asperiores soluta iure. Iste et laborum debitis et aut. Sed reprehenderit facere consequatur at quia alias. Officiis sed illo cum facilis officiis.,8769845599491,664160530926,http://placeimg.com/640/480/tech,404470.69,12,453007.17
43,Soluta iure veniam sed.,Magnam neque praesentium ipsam enim possimus. Dolores quo quos iste molestiae autem. Non assumenda vero quis voluptatum occaecati ullam. Soluta quaerat esse quam aut.,5651854793591,611269509714,http://placeimg.com/640/480/tech,18334.74,12,20534.91
44,Reiciendis et sit qui et.,Quos perferendis est modi excepturi velit vel. Porro minima deserunt iusto qui doloremque laborum ut. Libero nobis sunt impedit modi natus.,4582088870745,403920670823,http://placeimg.com/640/480/tech,7244208.47,12,8113513.49
45,Cum et consequatur quae quod.,Sed placeat rerum saepe libero quod. Recusandae quae aut doloribus nihil a ut. Fugit neque neque et dolores sint ad quis nihil.,5372707430660,456781784493,http://placeimg.com/640/480/tech,5.74,12,6.43
46,Et harum unde aut quia rerum.,Sequi eligendi perferendis vel maiores beatae vero. Ullam delectus omnis neque numquam iusto provident. Ea vitae ipsa eos dicta qui reprehenderit voluptatum.,5867323231345,413593462744,http://placeimg.com/640/480/tech,88.44,12,99.05
47,Accusamus atque nobis non.,Dolorum voluptatem hic aut molestias ut ea aut. Delectus ullam qui quisquam autem est. Velit fugiat qui iste quia illo in incidunt officiis.,0931947535044,919953581691,http://placeimg.com/640/480/tech,1182.85,12,1324.79
48,Quis qui sed alias sit.,Maxime blanditiis nobis fuga vel. Corporis expedita vero illo corrupti ut sit est. Tenetur est ipsam vel rerum numquam esse quia. Omnis nobis at odit qui.,9393671364009,108342083533,http://placeimg.com/640/480/tech,0.01,12,0.01
49,Voluptas error ea aut eos.,Ut ipsam porro eum quidem aut dolorem. Occaecati labore dolores hic cumque repudiandae velit dolorem. Inventore temporibus sit eaque deleniti fuga voluptatem.,6148176061495,043900526799,http://placeimg.com/640/480/tech,7398.9,12,8286.77
50,Et provident quos beatae.,Ipsa totam aperiam distinctio. Exercitationem beatae quas explicabo. Aliquam id illo in exercitationem odit.,7637800288593,657829699177,http://placeimg.com/640/480/tech,2247682.1,12,2517403.95
51,Ut error omnis impedit.,Et neque temporibus ea totam consequatur voluptatem dolores earum. Impedit sint ut qui voluptatem. Error nam minima ipsam.,3596117255909,608948426285,http://placeimg.com/640/480/tech,2250.29,12,2520.32
52,Vel hic maxime ut ullam qui.,Nihil et nisi itaque voluptatem repudiandae. Suscipit ducimus eum omnis excepturi soluta saepe. Est ut et aliquid deleniti distinctio.,2289058419899,216214974744,http://placeimg.com/640/480/tech,1968399.66,12,2204607.62
53,Et laboriosam et et.,Asperiores itaque totam voluptas veniam architecto perferendis voluptas. In nostrum provident maiores dolor beatae. Doloribus facilis aut tenetur. Quas nihil harum sed minima ipsam inventore.,0895126998412,197913276844,http://placeimg.com/640/480/tech,23347117.05,12,26148771.1
54,Et id quae labore alias rem.,Tenetur sunt nesciunt deleniti placeat. Qui qui aut maxime et. Sed dolores odio natus et modi non rerum. Voluptatem ratione dolore qui dolorum.,8688958430999,335497879146,http://placeimg.com/640/480/tech,651.15,12,729.29
55,Molestias at ipsa qui.,Id vero ut assumenda expedita. Voluptatibus facere saepe placeat atque blanditiis libero necessitatibus. A assumenda aut voluptatem suscipit iure voluptates eum.,5926123642956,799402392243,http://placeimg.com/640/480/tech,342969.5,12,384125.84
56,Et et eum molestiae suscipit.,Impedit odio rerum non ea. Incidunt corrupti optio voluptate sunt qui sequi voluptatum eum.,6881483473321,513604191985,http://placeimg.com/640/480/tech,4.79,12,5.36
57,Voluptas sint et autem autem.,Ut recusandae reprehenderit excepturi ipsam magnam sed libero dolores. Voluptatum vel saepe aut voluptatibus et veniam deserunt.,1843999505663,518297021981,http://placeimg.com/640/480/tech,825.26,12,924.29
58,Est deleniti non fuga ut.,Eveniet qui reiciendis molestiae amet. Sapiente saepe architecto dolor iusto. Commodi minima consequatur aspernatur maxime sed voluptate.,1251926861070,327212228655,http://placeimg.com/640/480/tech,4.83,12,5.41
59,Quasi et at explicabo aut.,Adipisci quia ipsa dignissimos quo quae quam sed. Quia et tempore voluptas corporis sit.,7390273099171,175875764358,http://placeimg.com/640/480/tech,2378.72,12,2664.17
60,Rerum ex dolores ipsa beatae.,Et quis sed aperiam suscipit itaque quaerat. Accusantium assumenda consequatur vero vel. Consequatur provident soluta quis recusandae sunt possimus.,6693564043442,731122467241,http://placeimg.com/640/480/tech,4007.8,12,4488.74
61,Illum illum qui vel fuga.,Expedita animi qui modi. Est dolorum facere aut iure qui repellat cupiditate. Nam minima quam nulla ullam temporibus quia aspernatur.,4914340912717,042166835584,http://placeimg.com/640/480/tech,518.95,12,581.22
62,Sint aliquid libero ad.,Qui pariatur esse qui repellendus aspernatur consequatur mollitia. Sed sapiente veniam aperiam nam. In pariatur omnis hic. Libero in omnis rerum sunt hic magni nobis.,1421225781106,964377811943,http://placeimg.com/640/480/tech,444.91,12,498.3
63,Fugiat quae facere explicabo.,Omnis tenetur atque officiis. Voluptatem dolores dolor nisi provident. Accusamus ipsa culpa ex dolorem voluptatum est.,9814149558190,304742732006,http://placeimg.com/640/480/tech,347.53,12,389.23
64,Libero dolorum mollitia odio.,Est mollitia assumenda unde provident. Aut ut aspernatur numquam vel nobis. Est mollitia ut tempore beatae fugiat. Ut velit ad facere molestiae dolor ipsa.,9473239649998,728801371610,http://placeimg.com/640/480/tech,2233.14,12,2501.12
65,Qui vero qui tempore saepe.,Et laborum nostrum perspiciatis voluptas. Aliquam omnis nam praesentium nostrum. Veniam rerum dolorem sint omnis exercitationem consectetur fugit praesentium.,2684958249025,959357004657,http://placeimg.com/640/480/tech,1294.14,12,1449.44
66,Odit voluptatem iusto minima.,Repudiandae rerum voluptate molestias odio. Minus voluptatibus expedita ea et optio. Ut quo vel facere ea excepturi aut.,1256836938249,098546965532,http://placeimg.com/640/480/tech,37484656.8,12,41982815.62
67,Sunt occaecati in non dolor.,Aut quia et cupiditate amet. Neque est ipsa aut fuga eveniet vel. Reprehenderit eius molestiae consectetur nesciunt autem aut quidem aut. Qui tenetur non voluptas quam aspernatur aperiam.,3880748798561,364403830988,http://placeimg.com/640/480/tech,4.91,12,5.5
68,Cumque minus velit quis a.,Labore aliquam quibusdam saepe explicabo illo maiores eos. Quaerat ea in eum quis. Aut sit voluptate cupiditate sit voluptas et aliquid ea.,1820464749005,024323011499,http://placeimg.com/640/480/tech,883467.68,12,989483.8
69,Aut hic beatae quia fugiat.,Enim ad hic nihil voluptatibus magni asperiores deserunt. Adipisci minima cum soluta ea.,8638481289359,239772847686,http://placeimg.com/640/480/tech,484.21,12,542.32
70,Reiciendis libero optio id.,Ut est sunt voluptas. Et qui itaque aut delectus. Modi voluptatum in molestiae est. Temporibus iure neque doloremque ipsum aperiam.,4022799827404,175149268498,http://placeimg.com/640/480/tech,644049.38,12,721335.31
71,Est ex voluptatem qui.,Sint aut in voluptatem alias quae et. Ipsam molestiae non corrupti laudantium aut ut deleniti. Quas voluptate eaque optio voluptate. Perspiciatis debitis doloremque in.,3954245923990,758126123980,http://placeimg.com/640/480/tech,2779330.69,12,3112850.37
72,Dolores eum nisi sit eos.,Temporibus porro possimus quis rem et ea. Nihil ut quo aut est velit mollitia cupiditate. Suscipit labore cupiditate nam et suscipit ipsam molestiae.,0309951219890,930273299355,http://placeimg.com/640/480/tech,288.45,12,323.06
73,Consequatur dolor facilis ut.,Ipsum quia autem voluptatem. Sed recusandae quam excepturi quas et. Rerum quo eum iure tenetur eveniet praesentium consequatur. Itaque qui minima non et placeat placeat officia.,3074019536123,260132671052,http://placeimg.com/640/480/tech,2044.88,12,2290.27
74,Pariatur sed dolorum veniam.,Rerum ab assumenda sunt culpa. Sapiente minima deleniti molestias quasi aspernatur. Vero totam dolor dolor minus et alias eaque. Id sequi voluptatem quasi mollitia quam animi aut.,8327838200818,198125211158,http://placeimg.com/640/480/tech,1.91,12,2.14
75,Et maiores modi velit.,Ad error dolorem beatae repudiandae. Illum ut quia architecto eveniet voluptatem. Sed ullam adipisci qui voluptatem.,0194683813146,440770919286,http://placeimg.com/640/480/tech,11.64,12,13.04
76,Incidunt et saepe ut quia.,Harum distinctio illo et qui impedit porro. Quos beatae quibusdam earum et praesentium perspiciatis. Aliquam non et asperiores enim commodi corporis. Magnam nisi in voluptatum et sed qui ea autem.,5485518293727,383757425811,http://placeimg.com/640/480/tech,3.49,12,3.91
77,Ut qui et dolorem ullam.,Commodi enim vitae laudantium voluptas. Id ut rerum voluptatem dolor ea. Ipsa id exercitationem vel natus.,5708299988362,284971153180,http://placeimg.com/640/480/tech,606559008.51,12,679346089.53
78,Repellendus rem itaque sint.,Amet quia et ad itaque repellendus consectetur animi non. Optio corporis facilis nihil aut est et culpa. Quia sunt atque odit consequuntur saepe architecto.,3340130332303,926668217199,http://placeimg.com/640/480/tech,0.79,12,0.88
79,Perferendis et aut ut.,Dicta quidem sit non qui. Suscipit iste et libero distinctio officiis. Sit sit sunt aspernatur doloribus eos modi. Sunt expedita minus adipisci nobis molestiae temporibus.,1426867823528,553190109270,http://placeimg.com/640/480/tech,10.52,12,11.78
80,Est omnis ullam qui.,Quos ipsam quaerat eveniet blanditiis. Ea impedit vitae iusto reiciendis maiores commodi. Voluptatem natus commodi vero ut. Ratione iste minima animi distinctio quaerat aut.,8095189002770,062931147184,http://placeimg.com/640/480/tech,4522.33,12,5065.01
81,Vel et sint voluptatem cum.,Omnis nobis aut culpa accusamus quas corporis. Vero quisquam officia tenetur deserunt maxime exercitationem atque. Deleniti nobis ipsa excepturi non quis reprehenderit.,0957180769701,354610289793,http://placeimg.com/640/480/tech,6.92,12,7.75
82,Atque qui porro ut quibusdam.,Cum et fuga unde minima tempore rerum quia. Veritatis et mollitia sequi eum eos.,0435791373475,716983283349,http://placeimg.com/640/480/tech,0.81,12,0.91
83,Sed rerum voluptates nemo.,Modi sint vel rerum reiciendis tempora. Sunt quis dolorem ratione blanditiis tempora modi dolorum.,0178557736519,702052587518,http://placeimg.com/640/480/tech,16158579.31,12,18097608.83
84,Occaecati est nostrum eaque.,Eos voluptas accusamus odio tempora enim. Inventore optio aut sunt architecto occaecati sed. Quisquam quidem voluptatibus nobis dolore dolorum molestias. Minus numquam quaerat praesentium in.,0401391640309,023926215884,http://placeimg.com/640/480/tech,0.08,12,0.09
85,Alias vel et modi.,Magnam nemo aspernatur rerum molestiae repellat veritatis. Corrupti quia nobis sequi maxime hic. Itaque omnis eius enim officiis. Sapiente eaque eos iste ipsum iure praesentium voluptates eaque.,6584540306876,243761761956,http://placeimg.com/640/480/tech,9961.58,12,11156.97
86,Earum magni et aperiam ea.,Hic cupiditate porro aut consequatur modi molestias debitis. Voluptas sed qui necessitatibus perferendis.,6046576598378,156336588744,http://placeimg.com/640/480/tech,579897710.67,12,649485435.95
87,Maxime aliquid esse aut.,Aut accusantium nemo facilis nobis rerum. Fugit qui ratione cumque nulla adipisci qui.,4288273325181,516790616751,http://placeimg.com/640/480/tech,42783.79,12,47917.84
88,Nesciunt quidem quasi rerum.,Suscipit numquam dolorum maxime accusamus ullam neque. Fuga ipsam natus autem fuga illo rem autem. Ut similique soluta atque ipsum. Ut quam id dolore aspernatur.,1577680180456,587387311946,http://placeimg.com/640/480/tech,4.95,12,5.54
89,Dolores et doloremque vitae.,Officia facere dolores ut. Culpa expedita dolor ut eum vel neque. Et recusandae rerum non qui et rerum velit. Aut neque consequatur aut vel quia.,2503782995680,078986860434,http://placeimg.com/640/480/tech,516547894.9,12,578533642.29
90,Ad tenetur nisi a.,Suscipit quo sit quia. Voluptatem id explicabo minus qui voluptate. Odio modi omnis dolorem in in.,4059588308257,519762424990,http://placeimg.com/640/480/tech,467.86,12,524
91,Aut dolorum unde cum laborum.,Quasi rerum vitae porro. Et nihil ex sequi excepturi beatae aliquam debitis et. Accusantium consequatur voluptas aliquam soluta atque. Quam maxime tempora odio voluptate autem quia facere.,3856709755331,685268224771,http://placeimg.com/640/480/tech,11585.32,12,12975.56
92,Corrupti doloribus enim qui.,Velit possimus eveniet sit est omnis. Aspernatur et veritatis adipisci. Magnam aut veniam quasi odio dolore possimus nemo quia. Est quo facere sequi placeat. Qui et dolorum molestiae natus.,6146975494681,075063330028,http://placeimg.com/640/480/tech,88.97,12,99.65
93,Qui dolores a qui temporibus.,Consequatur blanditiis consequuntur voluptas ea. Eveniet itaque et magni nam fugit nihil. Sed ipsum porro nisi nobis. Consequuntur deserunt molestiae fugit animi dolor.,6482252300284,370824823375,http://placeimg.com/640/480/tech,8471072.35,12,9487601.03
94,Quos labore ullam aut aut.,Et voluptatem ex eveniet omnis qui. Quam qui odio dolores nihil aut est. Praesentium consequatur unde voluptas. Nulla velit voluptate magni consequuntur reiciendis.,1931942937187,278480579899,http://placeimg.com/640/480/tech,6.3,12,7.06
95,Aliquam et laboriosam et eos.,Enim omnis ut consequuntur reprehenderit. Qui non omnis minima quo unde exercitationem. Placeat sed culpa commodi molestiae nam libero laudantium. Sed omnis odio a error.,1335166217344,310569953266,http://placeimg.com/640/480/tech,16272720.52,12,18225446.98
96,Eius quas odit consequatur.,Libero voluptatem commodi optio porro id ad. Fuga minus culpa consequatur. Itaque sunt aliquam illo mollitia. Eum maiores quia ut officia sequi. Vero ut rerum in nulla tempore.,9986108761511,461082859735,http://placeimg.com/640/480/tech,8297940.55,12,9293693.42
97,Qui illum velit cum.,Ipsum error occaecati aliquid rerum. Odit sint atque quibusdam ea eum et et expedita.,1250086701493,834090724138,http://placeimg.com/640/480/tech,25593.22,12,28664.41
98,Dolorum delectus vel iste id.,Dolores consequatur ad numquam molestias. Tempora voluptatum quae labore omnis quidem cumque voluptatem cupiditate. Delectus voluptate quis quisquam quia eum ullam est.,4459119101935,715911638029,http://placeimg.com/640/480/tech,3.36,12,3.76
99,Consequatur rerum in fugiat.,Aut ut molestiae nemo. Impedit ipsam vel voluptatem aliquam. Ad modi facilis officiis sed. Illo tenetur voluptatem beatae laudantium quas facere voluptatum.,6287030246385,961416045318,http://placeimg.com/640/480/tech,7450956.53,12,8345071.31
100,Ducimus est voluptates porro.,Ea est voluptatem facilis. Et rerum ratione recusandae amet. Aperiam et mollitia at porro occaecati.,3155557939291,107392948892,http://placeimg.com/640/480/tech,25.23,12,28.26
101,Rerum sed harum odit qui.,Aut et nostrum autem esse deleniti officiis. Laboriosam sit quae eum dolorum sit blanditiis nihil eveniet. Ratione voluptatum quaerat molestias. Non id molestiae ut aliquid.,1954911166111,312234114096,http://placeimg.com/640/480/tech,834614.41,12,934768.14
102,Quis mollitia est mollitia.,Nobis animi sapiente ratione provident qui aliquam. Omnis et voluptatem aliquid qui unde qui. Quae quia libero eligendi. Aliquid mollitia modi quo esse eligendi. Sunt quae illum error quia.,9973485522934,026561895876,http://placeimg.com/640/480/tech,44170.26,12,49470.69
103,Aut a omnis optio aperiam.,Saepe asperiores enim voluptates veniam id mollitia odit. Rem ullam ex cupiditate est.,9092314743538,235559879630,http://placeimg.com/640/480/tech,667271.54,12,747344.12
104,Et rem quas sed repellendus.,Est vel iusto suscipit aliquid aliquam. Ipsam sequi consectetur sapiente rerum. Omnis unde et qui est reprehenderit exercitationem magni libero.,7311193978063,597499541179,http://placeimg.com/640/480/tech,798.15,12,893.93
105,Sunt libero autem omnis.,Debitis ab aut alias provident. Voluptas qui mollitia eius voluptatibus aut optio.,2000529565088,043695119393,http://placeimg.com/640/480/tech,13835.37,12,15495.61
106,Qui ullam nisi dolores.,Recusandae rerum magni iure autem tempore. Minus rerum voluptas id veniam tempore aliquid. Ducimus minima quis illum omnis. Assumenda labore quod ducimus.,9255540255484,538090839335,http://placeimg.com/640/480/tech,271725131.71,12,304332147.52
107,Sint ea rerum quo est in.,Provident qui voluptatem officiis qui minus. Consequatur voluptatum rem saepe est. Culpa rem necessitatibus ipsum. Sed et pariatur et voluptatum.,5461576280107,836658142193,http://placeimg.com/640/480/tech,0.33,12,0.37
108,Non dolores optio nulla.,Sed eos vel necessitatibus porro ipsum ducimus. Autem qui repudiandae aperiam quae ratione. A reprehenderit quos consectetur perferendis. Nobis at nesciunt autem et enim qui.,5087456067820,906153737833,http://placeimg.com/640/480/tech,2681.85,12,3003.67
109,Et culpa ut explicabo.,Corrupti voluptatibus tenetur sed consequuntur. Voluptatum facere ipsam ad ut praesentium. Cum a sint nobis quidem repellat beatae. Vel ea et harum velit praesentium ut nobis.,6695923995171,152929342127,http://placeimg.com/640/480/tech,308240.36,12,345229.2
110,Est impedit labore nisi.,Autem ut facilis quas aperiam tempore. Tempora est nemo minus est explicabo. Est dolorem incidunt voluptas aperiam et.,4154243314564,912530342840,http://placeimg.com/640/480/tech,61.5,12,68.88
111,Et in et eos nam.,Neque nemo quia ea aut et. Molestiae rerum quia error minus.,0416148285009,087407919416,http://placeimg.com/640/480/tech,25.53,12,28.59
112,Quia eveniet debitis ut sunt.,Veniam sint quas laboriosam. Totam quam et ea tempora soluta nihil. Natus necessitatibus rerum modi autem amet. Enim et sed ut facilis dolor placeat.,0769733284223,402009162960,http://placeimg.com/640/480/tech,427.57,12,478.88
113,Cum itaque molestiae sit.,Voluptas officiis nihil aut occaecati reiciendis inventore sit eveniet. Vero occaecati eveniet quas. Voluptates qui ut vel qui.,6190981162249,872599469770,http://placeimg.com/640/480/tech,0.01,12,0.01
114,Esse eos id dolores quaerat.,Quis rerum illo ratione eos quis. Eligendi reprehenderit placeat fugiat tenetur dolorem blanditiis ut. Voluptas aut assumenda perspiciatis commodi accusantium.,0887643367659,651272401600,http://placeimg.com/640/480/tech,123.36,12,138.16
115,Voluptatem minima sint et.,Magni delectus quo velit. Temporibus hic et qui est eos et ut. Recusandae qui repellat vel. Accusantium omnis dignissimos qui excepturi tempore qui.,1617371091835,454780195458,http://placeimg.com/640/480/tech,530.62,12,594.29
116,Laudantium harum ratione sed.,Eaque dolor iure suscipit ducimus molestiae libero. Qui sapiente sint pariatur deserunt. Illum sapiente similique vel eligendi.,6897338688321,393293527231,http://placeimg.com/640/480/tech,2.02,12,2.26
117,Eos quasi qui nam velit.,Sed exercitationem sunt non. Cumque ea voluptas quia ex illo tenetur voluptatem. Doloribus enim repellat dolorum laborum. Aut quia eos ut velit esse est quo.,2078522836573,776507180612,http://placeimg.com/640/480/tech,83448.52,12,93462.34
118,Maiores id non sit inventore.,Est odio et cum ipsa. Exercitationem quia dolorum voluptatibus odit. Omnis doloribus quam optio.,5210159494185,871420244240,http://placeimg.com/640/480/tech,149.49,12,167.43
119,Saepe qui dolor sed quasi ut.,Nihil ea est eaque magnam maxime sit qui. Quos totam excepturi doloremque expedita earum qui assumenda. Et itaque sapiente nemo odit.,9495421164751,327656483709,http://placeimg.com/640/480/tech,0.15,12,0.17
120,Rerum eos quos odio ut error.,Dolores et et veritatis sit beatae. Provident et deleniti doloribus laudantium. Nulla esse vel cum. Est voluptates quos est ut vel placeat.,7504344636732,864257976448,http://placeimg.com/640/480/tech,1.96,12,2.2
121,Quod omnis incidunt neque.,Excepturi et optio sunt explicabo et. Rerum quos eius quod et enim vel velit. Libero voluptas perspiciatis ut harum et.,4440890756896,597717480515,http://placeimg.com/640/480/tech,140384.29,12,157230.4
122,Ut sit ut veniam.,Sit ipsam corporis quae repellat dolorum architecto. Odio est quod ab veniam non. Dolorum et laudantium libero et cupiditate qui. Aut iusto neque ratione vel voluptatem aut dolor.,2459660228329,243270045988,http://placeimg.com/640/480/tech,681955714.9,12,763790400.69
123,A illum qui aut autem.,In beatae qui corporis et. Odio laudantium unde ad tempora illum et. Fugit rerum harum dolor quia quisquam. Enim sequi nostrum et at et.,3367276944689,684881323073,http://placeimg.com/640/480/tech,36.69,12,41.09
124,Nihil quaerat ipsam ut quo.,Sed accusamus sed sint delectus vitae neque exercitationem. Molestiae aut soluta quaerat ea alias. Laboriosam voluptatem nihil earum earum autem. Qui voluptatem adipisci et et.,5649290246337,474375528611,http://placeimg.com/640/480/tech,6.06,12,6.79
125,Et assumenda ad eum eos.,Non quis excepturi velit ea error. Alias eum enim ut non. Rerum odit eligendi modi voluptas in consequatur officiis.,4638813820353,136392236080,http://placeimg.com/640/480/tech,71009988.76,12,79531187.41
126,Eos animi ut delectus ea.,Aspernatur quia numquam nostrum nulla. Non ut consectetur necessitatibus itaque cumque ducimus. Totam explicabo harum iure aspernatur et.,8979374915154,089625985592,http://placeimg.com/640/480/tech,15.59,12,17.46
127,Vel enim culpa est qui dolor.,Ut aspernatur autem optio vel dolores. Aperiam molestiae reprehenderit nisi maxime. Quo et placeat aliquid aut quibusdam et in quo. Dolorum facilis ut at non aliquam et cupiditate.,4832905698732,223085677871,http://placeimg.com/640/480/tech,0.69,12,0.77
128,Aliquid omnis non autem.,Aut id voluptatem deleniti minima. Sed hic autem quia aliquam sint dicta. Accusamus porro reiciendis qui. Nostrum officiis id deserunt ex.,5804644221785,157062013493,http://placeimg.com/640/480/tech,5.12,12,5.73
129,Labore ut magnam quia.,Earum cum ullam et. Omnis dolorum qui et voluptatem blanditiis quidem aut. Consequatur commodi aliquam dignissimos qui dolores cumque corrupti suscipit. Quod deleniti provident sit laudantium error.,3104767183819,658201172683,http://placeimg.com/640/480/tech,27391239.42,12,30678188.15
130,In ut qui unde deserunt.,Voluptas velit aperiam aliquid dolore debitis consequuntur repudiandae sint. Reprehenderit ea et id molestias cumque cum. Recusandae sequi quia nemo praesentium provident.,8433983587633,813303572810,http://placeimg.com/640/480/tech,9957.33,12,11152.21
131,Sed nulla ea esse quis autem.,Esse aspernatur voluptatum beatae. Et molestias fugiat molestias. Nisi ea ut sint beatae provident asperiores eaque.,8874972413029,351908058790,http://placeimg.com/640/480/tech,1516089.1,12,1698019.79
132,Saepe et sed et ut maxime.,Commodi eos et distinctio. Excepturi expedita magni voluptates necessitatibus. Laboriosam fugiat ex qui cupiditate odio ratione dolorem.,5356058944441,055899922986,http://placeimg.com/640/480/tech,21.88,12,24.51
133,Aut quis quas in.,Tenetur qui aliquam mollitia perspiciatis est. Corporis dolor ipsum ut omnis. Id est maxime amet. Amet nulla animi et voluptas eligendi.,9490978341655,529080010998,http://placeimg.com/640/480/tech,1546.9,12,1732.53
134,Est aliquid quia atque quia.,Et culpa omnis nesciunt et. Totam et sapiente ut. Veniam sapiente aperiam at voluptatem.,6228860969396,267202906203,http://placeimg.com/640/480/tech,358384.49,12,401390.63
135,Quos porro eum ut aperiam.,Fugiat vel quo qui ratione natus. Ratione aut ratione qui labore eos.,1671353919616,387616986737,http://placeimg.com/640/480/tech,27.17,12,30.43
136,Eveniet eum vitae aut nihil.,Odio accusantium possimus est occaecati ut nobis. Reprehenderit voluptatem cum illo animi cum. Sint nihil ipsam sed qui sint. Natus laborum enim quo quisquam.,9090452102958,796830919844,http://placeimg.com/640/480/tech,4.98,12,5.58
137,Et excepturi qui unde in.,Earum iusto debitis occaecati rerum enim suscipit tempora voluptas. Ea consequatur quia sint quibusdam esse sequi sit. Autem quaerat nam quia reprehenderit eius soluta.,1927730052200,210220512190,http://placeimg.com/640/480/tech,6.99,12,7.83
138,Aliquid in quis numquam ad a.,Aspernatur ut repellat praesentium sint eveniet corporis quo consequatur. Commodi enim animi nisi labore id labore officiis.,8266135783832,150159442676,http://placeimg.com/640/480/tech,222.16,12,248.82
139,Harum magni modi aut et.,Maxime ullam nesciunt quo voluptatem et et. Vitae inventore quia sed distinctio ut commodi. Aliquam sit tempore sint iure.,1767474881441,238548115602,http://placeimg.com/640/480/tech,36988.26,12,41426.85
140,Eius rerum et ut nam ab eos.,Eius in quae ut itaque. Voluptatibus quia beatae ipsa voluptas nobis et autem. Sed ipsam nemo facere atque. Esse consectetur vel dignissimos magnam.,0679079258645,764790670083,http://placeimg.com/640/480/tech,10.32,12,11.56
141,Natus dolorem quo quia.,Voluptatem delectus impedit occaecati itaque placeat ut ut molestiae. Autem sunt et sit voluptatem aliquam ex.,3290698910508,774190841153,http://placeimg.com/640/480/tech,24.11,12,27
142,Dolor fugiat vero occaecati.,Ipsa eum earum occaecati illo sed expedita praesentium. Est quod tempore repellat. Ut nam aut unde et. Aut accusamus dignissimos quibusdam soluta voluptatem sed facere.,0863229355654,997837623865,http://placeimg.com/640/480/tech,351262.19,12,393413.65
143,Ut quis iste totam sed.,Rerum asperiores est id adipisci. Est in asperiores esse qui corporis illum. Iusto recusandae est maiores a. Id occaecati doloribus accusamus quae neque.,7953725232924,024170250910,http://placeimg.com/640/480/tech,4766.64,12,5338.64
144,Totam et earum quo esse.,Esse facere id laborum accusamus error voluptas. Maxime odit veritatis quae. Voluptatum aperiam et maxime quasi. Doloremque est et eaque consequatur ducimus est.,6733772477780,929781375658,http://placeimg.com/640/480/tech,4.93,12,5.52
145,Nam sit et et.,Qui ut quis adipisci iste eius quis. Rem asperiores repellendus earum explicabo fuga voluptas. Nihil quo vero tempore non.,4335683013761,063991141307,http://placeimg.com/640/480/tech,46407.85,12,51976.79
146,Et officiis aut id soluta.,Ipsa dolorem rem illo. Facilis sunt ea rerum neque autem a culpa. Qui sed qui exercitationem eum quia perspiciatis. Aut voluptatum possimus quidem neque magnam voluptatem saepe aliquam.,8876863279585,470074720383,http://placeimg.com/640/480/tech,1.41,12,1.58
147,Ut occaecati alias sed.,Distinctio aliquam sunt officia molestiae. Rerum dolorem inventore sint sed quibusdam fugit aliquam vel. Atque enim consectetur minus nesciunt mollitia sapiente.,8064685086881,086557204878,http://placeimg.com/640/480/tech,19771285.4,12,22143839.65
148,Ut voluptas aut eum pariatur.,Aliquam eius id unde optio expedita sed consequuntur sit. Est et esse in vel. Laborum fuga error et. Nostrum dolores doloribus aut voluptates qui.,6901229189382,339927557684,http://placeimg.com/640/480/tech,5.86,12,6.56
149,Dolorem illum nam nam vel.,Quas mollitia blanditiis velit ipsa alias voluptates. Veritatis fugiat id quasi et sint maxime. Animi eligendi possimus quia modi tenetur sunt laborum. Minus sed veritatis aut dolores cum dolores.,0573711667904,760505761040,http://placeimg.com/640/480/tech,12430.28,12,13921.91
150,Quo aut ut aut et et.,Non facilis laboriosam ea ut. Rerum libero velit voluptatem voluptatem. Voluptates reprehenderit vel velit id. Harum quia voluptate et.,6907271918765,323335203058,http://placeimg.com/640/480/tech,36083992.26,12,40414071.33
151,Et vel consequatur magni.,Sequi quia minima reiciendis numquam provident. Et fugit quo autem. Consequatur exercitationem omnis possimus corporis. Quo perferendis adipisci earum quia quos ut itaque.,1095824345757,170535825487,http://placeimg.com/640/480/tech,0.24,12,0.27
152,Et ipsam quasi ut omnis.,Et ipsum fuga consequatur pariatur qui autem. Et iusto possimus voluptate. Suscipit et et quia commodi rerum vitae quas. Iusto voluptas architecto saepe officia reprehenderit.,9954850428396,133864566755,http://placeimg.com/640/480/tech,469290.6,12,525605.47
153,Modi in voluptatibus rem et.,Est iusto quia quo delectus. Nisi pariatur aut odio fuga qui. Deleniti exercitationem dolores eligendi enim debitis rerum.,0046918251691,249115179809,http://placeimg.com/640/480/tech,3160.52,12,3539.78
154,Dolorem id quae qui quae.,Doloribus nobis optio minus impedit quaerat. Assumenda et doloremque ad ipsa ex. Praesentium necessitatibus voluptates assumenda quam. Blanditiis dolores aut sapiente.,2407505019663,568854112912,http://placeimg.com/640/480/tech,2325892.34,12,2604999.42
155,Et beatae vel et neque.,Dolor magnam ab a. Vel quisquam assumenda qui voluptatum aut. Aut architecto reprehenderit voluptatum sed placeat. Doloribus repudiandae illum ipsam molestiae ducimus.,3886186225270,842866513457,http://placeimg.com/640/480/tech,913.72,12,1023.37
156,Fugiat voluptas et sunt.,Laboriosam dignissimos quod id. Magnam non quaerat vel cum totam ut. Vero vero sint dolor non.,0209383548035,056857239109,http://placeimg.com/640/480/tech,27943479.34,12,31296696.86
157,Sit cumque ut sit nemo.,Sit facilis ut fugiat sequi id. Voluptates fugit sed animi. Quo deserunt doloremque quaerat iure suscipit ducimus.,7927107939121,823988026505,http://placeimg.com/640/480/tech,1817.52,12,2035.62
158,Est molestiae ab id.,Dignissimos deserunt nesciunt ullam. Dolorem nemo illo accusamus repudiandae nihil quia rerum. Quia eaque omnis ipsam commodi dicta veritatis. Dolorem fugit labore atque consequuntur ratione.,0055245758551,840604740704,http://placeimg.com/640/480/tech,6.88,12,7.71
159,Eos at qui qui quidem nam.,Est et commodi non. Quis in nihil ipsa eligendi sed vel vitae. Eos sint sunt quia quia quia. Labore sequi numquam dolores.,3079713393669,688962866048,http://placeimg.com/640/480/tech,46601.41,12,52193.58
160,Non sit aut eligendi.,Excepturi voluptatibus voluptas iusto nulla a ratione repellendus. Est ab quisquam voluptate reprehenderit. Dolor molestiae molestiae fugiat nostrum.,9012969717883,655211898187,http://placeimg.com/640/480/tech,37403655.42,12,41892094.07
161,Quisquam id aut dicta.,Rem et reprehenderit quam et perferendis corporis. Ut adipisci quibusdam est repellat quia. Delectus aut quas qui incidunt atque. Et velit aut vel tempora ipsam.,3027911466890,755237838865,http://placeimg.com/640/480/tech,0.01,12,0.01
162,Tempore omnis et est.,Sunt sint ea sunt dicta aut quia ea eos. Voluptas nam nemo inventore minima. Dolor excepturi architecto laboriosam rerum.,6048135991415,460399258575,http://placeimg.com/640/480/tech,4.87,12,5.45
163,A sit quasi quas.,Voluptas qui dolor officia magni ex. Enim error et ut saepe impedit. Corrupti nostrum laborum adipisci nisi saepe non quaerat.,9621853140401,826587301762,http://placeimg.com/640/480/tech,10.67,12,11.95
164,Minima dolore hic at.,Dolores aut ut vitae. Optio sapiente molestiae itaque laboriosam inventore. Vel et dolorum voluptates sed. Qui voluptatem voluptates natus delectus.,0261752273900,354370778439,http://placeimg.com/640/480/tech,0.37,12,0.41
165,Aut aut dolores et officia.,Qui vero harum optio quisquam autem accusantium. Molestias animi cum assumenda neque quia dolores quisquam. Deleniti ut illo ullam eum id et omnis. Tempore velit sed non.,4789058405444,420335832616,http://placeimg.com/640/480/tech,391.51,12,438.49
166,Voluptatem velit debitis ea.,Fugit suscipit quis qui ut vel quia. Unde dignissimos laborum dolore quaerat officiis voluptatum ut ut. Et ut nobis animi aut natus quam.,4890586742892,301271721234,http://placeimg.com/640/480/tech,657580.96,12,736490.68
167,Illum sint et nam.,Est est voluptatem impedit dolor quaerat et. Dolorem quia quasi debitis ex natus et consequatur ullam. Maiores id inventore ratione optio veritatis.,3312790518090,925151723939,http://placeimg.com/640/480/tech,69401.85,12,77730.07
168,Et non corporis inventore et.,Neque sint praesentium deleniti tempora iusto eaque. Enim ducimus maxime voluptas asperiores vitae accusantium. Magnam dolores hic dolor voluptatem maiores modi eius.,9627687655838,527213316701,http://placeimg.com/640/480/tech,4802.41,12,5378.7
169,Ab rerum eos quam minus.,Iusto incidunt aliquam voluptas. Sed quod ducimus voluptas. Quo maxime voluptatibus nostrum impedit qui.,1808213179129,602993491498,http://placeimg.com/640/480/tech,375884.44,12,420990.57
170,Veniam aut ullam mollitia.,Velit est minus et esse et dignissimos. Laudantium rerum et porro ut. Accusantium et eius et nam esse.,0805314758834,683634474052,http://placeimg.com/640/480/tech,1.19,12,1.33
171,Ullam eum nihil fugit ipsa.,Nam assumenda impedit iure id. Quam sed blanditiis mollitia velit. Laborum quae beatae qui eveniet.,2494307115686,017823108978,http://placeimg.com/640/480/tech,116.7,12,130.7
172,Dolores ab neque omnis est.,Id corporis aut nam itaque doloremque soluta optio. Laudantium nisi debitis quaerat. Delectus rerum occaecati exercitationem dolor iste exercitationem modi.,1162778748535,855841212367,http://placeimg.com/640/480/tech,453183.55,12,507565.58
173,Ullam minima est quae.,Labore ea odit dolor. Doloremque voluptate soluta est quo hic sed. Hic officiis voluptatem dolores cum rerum debitis.,7442662712915,151428189672,http://placeimg.com/640/480/tech,22.04,12,24.68
174,Sed et repellendus non autem.,Similique quis est repudiandae ab sunt. Commodi molestiae qui sunt et tenetur quaerat amet quos. Aliquid incidunt omnis quidem quibusdam enim. Molestias praesentium fugit distinctio et ea aperiam.,0390340504925,942691922604,http://placeimg.com/640/480/tech,0.66,12,0.74
175,Aut quisquam unde sed.,At nam ut beatae vero aut odio molestias. Excepturi ullam voluptas est earum perspiciatis ex nulla. Aut est ab nam inventore doloremque nulla natus.,9099091825426,045596223036,http://placeimg.com/640/480/tech,720552381.18,12,807018666.92
176,Numquam neque et officia ut.,Aut ducimus quo aut quasi molestias consequatur voluptatem. Provident quos itaque unde ad fuga. Libero et in ea veritatis perferendis itaque. Repellat id tenetur quas omnis.,8441356065572,389566221802,http://placeimg.com/640/480/tech,1.69,12,1.89
177,Quis iure possimus ullam eum.,Tenetur quia nostrum tenetur voluptatem qui repudiandae est. Dolorum id illum maiores eligendi. Ipsa omnis occaecati eum doloremque explicabo. Harum enim eveniet et hic rerum.,0460207365041,674218320456,http://placeimg.com/640/480/tech,59866.19,12,67050.13
178,Nam ut est vitae autem et.,Quos accusamus et eveniet molestias quos. Odit impedit temporibus vero perferendis dolores. Qui voluptas dicta molestiae cupiditate aliquid fugit nihil. Quibusdam cupiditate temporibus eum nihil.,8384564060840,429582679543,http://placeimg.com/640/480/tech,2976081.75,12,3333211.56
179,Nemo aut velit et.,Earum est temporibus fugit fugiat. Quis accusamus eos iusto error quae corporis ab. Consequuntur aliquam error ut et omnis qui aut.,2611101549923,210011076099,http://placeimg.com/640/480/tech,128617.99,12,144052.15
180,Rerum sit non officiis dolor.,Ut reiciendis sapiente atque id assumenda. Sed fugiat quasi dolorem magnam quaerat et. Aut et rerum doloribus ut. Rerum maxime quaerat fuga possimus corporis natus.,7836834289105,927680564545,http://placeimg.com/640/480/tech,353.99,12,396.47
181,Magnam eaque aut iste sit.,Perspiciatis nemo vel iste sed unde nemo autem. Quis id ipsa veniam explicabo veniam. Omnis reprehenderit eaque dolores ratione ipsa. Sed libero officia qui ipsam explicabo.,3240698454403,449476331626,http://placeimg.com/640/480/tech,4016.16,12,4498.1
182,Ut molestias quia pariatur.,Rerum alias qui saepe rerum. Debitis quod modi adipisci voluptatem vitae nihil quam. Unde ex quia non non animi. Dicta iure ea magnam cumque.,7528441046089,533357543129,http://placeimg.com/640/480/tech,594559.21,12,665906.32
183,Enim nisi corporis rerum et.,Eos dignissimos enim sit dolores fuga optio quidem. Aut dolores dignissimos illo ad repellat illo. Tempore laudantium nihil consequuntur. Sed eius sunt excepturi et ut harum voluptas.,9610695819668,231794198557,http://placeimg.com/640/480/tech,17185.07,12,19247.28
184,Suscipit quos et quae.,Dolor explicabo doloremque non voluptatem. Maxime vel et harum quaerat doloremque et. Rerum illum numquam corporis aut voluptatem ipsam. Nihil quam est necessitatibus.,6508127947801,340080033928,http://placeimg.com/640/480/tech,14.34,12,16.06
185,Est ipsa delectus rerum.,Eveniet facere qui omnis ullam omnis iusto aliquid. Cupiditate vero ipsum aut. Ullam ut est suscipit.,1162485579477,049166915192,http://placeimg.com/640/480/tech,368735077.75,12,412983287.08
186,Rerum repellat eum quis.,A asperiores qui dolore architecto illo earum. Vel ipsam repellendus natus qui ullam quia. Enim architecto saepe placeat sequi possimus asperiores numquam.,0526862632796,231040952182,http://placeimg.com/640/480/tech,15176.79,12,16998
187,Et qui nemo modi suscipit.,Eos suscipit autem nulla perspiciatis aut. Odio vero cupiditate tempora nisi. Asperiores perspiciatis ut quia excepturi impedit maiores culpa.,7993252060638,238675887528,http://placeimg.com/640/480/tech,12184.37,12,13646.49
188,Minima dolores esse voluptas.,Aspernatur consequatur aut exercitationem perferendis tempora. Et est odit minus odit itaque repellendus et. Deleniti dicta consequatur eligendi porro accusantium odio quo.,3540361085324,517915373817,http://placeimg.com/640/480/tech,456846.64,12,511668.24
189,Ipsa inventore adipisci iure.,Qui molestiae vero qui doloribus quibusdam cupiditate et. Tempore expedita mollitia vel. Sunt sunt qui et id. Excepturi et eveniet vel.,2873209774380,456986646126,http://placeimg.com/640/480/tech,79296.87,12,88812.49
190,Ullam qui autem veritatis ut.,Vel ex sit est voluptatibus quasi. Doloribus dolor excepturi quibusdam assumenda aut. Ut necessitatibus in ipsa corrupti deserunt omnis.,1331610521913,302006244696,http://placeimg.com/640/480/tech,757741.22,12,848670.17
191,Ut odio optio dolorem atque.,Mollitia autem distinctio consequatur explicabo repellat ullam. Reprehenderit tempora cumque laboriosam quia. Aliquid veniam aut error dolor qui et iste.,9153227217063,620824776878,http://placeimg.com/640/480/tech,407.02,12,455.86
192,Id earum et quia.,Incidunt et distinctio molestiae ad sed. Qui deleniti ut corporis repudiandae.,1253961504462,953726793546,http://placeimg.com/640/480/tech,811.9,12,909.33
193,Ea ipsa sit ea.,Sed quod quibusdam fugit tempore. Doloremque reiciendis labore impedit dolores pariatur. Aliquid qui eveniet ex expedita fugiat. Quasi quas esse quaerat.,5236624703620,191638763592,http://placeimg.com/640/480/tech,284060.94,12,318148.25
194,Dicta non non tempora itaque.,Aliquid et sunt error aut voluptates veritatis et. Sed et et quam.,6125831941545,999181856270,http://placeimg.com/640/480/tech,39523.19,12,44265.97
195,Dolore velit a alias rem qui.,Et quis alias quos voluptatibus. Nihil perspiciatis ab blanditiis qui blanditiis ad. Vero laboriosam quia quis at deserunt quaerat laborum corporis.,4455467263530,372847345965,http://placeimg.com/640/480/tech,3.6,12,4.03
196,Porro aliquam sit et alias.,Tempore perferendis doloremque deserunt atque quas. Quas reiciendis reprehenderit voluptatem quam. Eligendi id aliquid corrupti autem. Molestias est porro soluta dicta.,7355059142946,921010215280,http://placeimg.com/640/480/tech,150932.57,12,169044.48
197,Magni et sint quibusdam.,Ut veritatis ut velit amet. Enim nemo iusto vel officia. Accusantium id voluptatem eaque eligendi odit id enim iste.,7634910431956,999899702486,http://placeimg.com/640/480/tech,222948875.98,12,249702741.1
198,Animi perspiciatis sint quia.,Velit nobis sunt distinctio enim. Harum enim minima ea quo tempore. Sit est ex quidem sit enim.,4907478295890,154362376543,http://placeimg.com/640/480/tech,7822.22,12,8760.89
199,A nam ut sint aut adipisci.,Saepe aut nam nostrum ut est. Sunt earum temporibus est non sed aspernatur sit inventore. Quas cumque harum dolorum velit necessitatibus. Amet voluptatibus beatae nostrum qui.,8406460950558,354204375794,http://placeimg.com/640/480/tech,1.33,12,1.49
200,Dolor quia soluta ullam.,Sed consequatur nemo et. Voluptatibus et iusto nulla in. Consequatur qui cumque quia delectus provident voluptas. Quam repellendus cupiditate mollitia placeat omnis error.,6624644058964,522111287475,http://placeimg.com/640/480/tech,388554.49,12,435181.03
