City,Time,Temp (K),FeelsLike (K),Weather,Clouds(%),Wind(m/s),Rain(mm),POP
Eldoret,2025-08-17 00:00:00,285.21,284.8,scattered clouds,25,1.17,0,0.51
Eldoret,2025-08-17 03:00:00,285.41,284.99,scattered clouds,37,0.43,0,0.24
Eldoret,2025-08-17 06:00:00,287.04,286.73,light rain,62,0.86,0.36,0.53
Eldoret,2025-08-17 09:00:00,290.13,289.92,light rain,88,1.49,2.47,0.89
Eldoret,2025-08-17 12:00:00,291.69,291.58,moderate rain,69,2.34,3.37,1
Eldoret,2025-08-17 15:00:00,289.46,289.42,moderate rain,68,1.03,5.82,0.99
Eldoret,2025-08-17 18:00:00,286.92,286.75,moderate rain,78,0.41,3.52,1
Eldoret,2025-08-17 21:00:00,287.16,286.99,light rain,100,0.92,0.69,0.84
Eldoret,2025-08-18 00:00:00,286.03,285.85,light rain,100,1.72,0.46,0.83
Eldoret,2025-08-18 03:00:00,285.29,285.04,light rain,100,1.2,0.11,0.4
Eldoret,2025-08-18 06:00:00,289.28,289.06,light rain,100,1.8,0.61,0.54
Eldoret,2025-08-18 09:00:00,291.37,291.21,light rain,100,2.41,3,0.89
Eldoret,2025-08-18 12:00:00,291.07,291.01,moderate rain,100,2.56,4.91,1
Eldoret,2025-08-18 15:00:00,288.09,288.09,moderate rain,100,2.96,5.49,1
Eldoret,2025-08-18 18:00:00,286.69,286.61,moderate rain,98,2.39,4.2,1
Eldoret,2025-08-18 21:00:00,285.83,285.66,light rain,100,2.19,1.98,1
Eldoret,2025-08-19 00:00:00,285.51,285.39,light rain,100,1.94,2.35,0.97
Eldoret,2025-08-19 03:00:00,285.42,285.26,light rain,100,0.91,0.68,0.74
Eldoret,2025-08-19 06:00:00,286.43,286.19,light rain,100,1.51,0.73,0.7
Eldoret,2025-08-19 09:00:00,290.29,290.04,light rain,100,2.13,0.7,0.63
Eldoret,2025-08-19 12:00:00,289.21,289.06,light rain,100,3.24,2.2,0.87
Eldoret,2025-08-19 15:00:00,287.51,287.43,light rain,100,2.22,2.37,1
Eldoret,2025-08-19 18:00:00,286.38,286.24,light rain,100,1.76,2.86,1
Eldoret,2025-08-19 21:00:00,285.84,285.51,light rain,100,0.64,0.64,0.54
Eldoret,2025-08-20 00:00:00,285.23,284.87,overcast clouds,100,0.82,0,0.42
Eldoret,2025-08-20 03:00:00,285.62,285.32,overcast clouds,100,2.17,0,0
Eldoret,2025-08-20 06:00:00,288.4,288.2,overcast clouds,100,2.85,0,0
Eldoret,2025-08-20 09:00:00,291,290.69,light rain,94,2.97,1.12,0.72
Eldoret,2025-08-20 12:00:00,289.4,289.2,light rain,97,2.3,1.39,0.84
Eldoret,2025-08-20 15:00:00,287.7,287.53,light rain,100,2.13,0.36,0.93
Eldoret,2025-08-20 18:00:00,286.59,286.34,light rain,100,0.13,0.12,0.77
Eldoret,2025-08-20 21:00:00,286.25,285.94,overcast clouds,100,1.2,0,0.31
Eldoret,2025-08-21 00:00:00,284.98,284.7,overcast clouds,99,2.43,0,0.27
Eldoret,2025-08-21 03:00:00,284.7,284.39,overcast clouds,100,2.9,0,0
Eldoret,2025-08-21 06:00:00,288.78,288.51,broken clouds,82,3.37,0,0
Eldoret,2025-08-21 09:00:00,292.83,292.32,overcast clouds,98,1.07,0,0.17
Eldoret,2025-08-21 12:00:00,291.45,291.22,light rain,92,3.45,1.49,0.49
Eldoret,2025-08-21 15:00:00,289.38,289.2,light rain,80,2.76,1.29,0.81
Eldoret,2025-08-21 18:00:00,286.85,286.55,light rain,80,1.54,0.32,0.81
Eldoret,2025-08-21 21:00:00,286.89,286.51,light rain,89,1.18,0.12,0.34
Nairobi,2025-08-17 00:00:00,289.97,289.74,light rain,95,0.86,0.24,0.37
Nairobi,2025-08-17 03:00:00,289.46,289.26,broken clouds,80,0.86,0,0.06
Nairobi,2025-08-17 06:00:00,290.88,290.64,broken clouds,58,1.23,0,0.16
Nairobi,2025-08-17 09:00:00,295.62,295.33,light rain,81,1.87,1.32,0.79
Nairobi,2025-08-17 12:00:00,296.24,295.99,moderate rain,79,2.98,4.01,0.91
Nairobi,2025-08-17 15:00:00,292.55,292.35,light rain,95,2.71,2.06,0.74
Nairobi,2025-08-17 18:00:00,290.45,290.4,light rain,98,2.81,2.32,0.74
Nairobi,2025-08-17 21:00:00,290.19,290.06,light rain,92,1.54,0.34,0.55
Nairobi,2025-08-18 00:00:00,289.25,289.11,light rain,96,1.4,0.41,0.61
Nairobi,2025-08-18 03:00:00,288.96,288.87,light rain,99,1.1,0.33,0.86
Nairobi,2025-08-18 06:00:00,289.46,289.37,light rain,98,1.59,0.33,0.87
Nairobi,2025-08-18 09:00:00,291.35,291.18,light rain,100,3.23,0.62,0.39
Nairobi,2025-08-18 12:00:00,291.11,290.74,light rain,100,3.98,0.79,0.39
Nairobi,2025-08-18 15:00:00,290.32,289.97,overcast clouds,100,1.21,0,0.35
Nairobi,2025-08-18 18:00:00,289.39,289.24,light rain,100,1.94,0.28,0.35
Nairobi,2025-08-18 21:00:00,288.54,288.38,light rain,100,1.84,1.41,0.54
Nairobi,2025-08-19 00:00:00,287.86,287.61,light rain,99,1.37,0.74,0.43
Nairobi,2025-08-19 03:00:00,287.14,286.84,overcast clouds,99,1.24,0,0.09
Nairobi,2025-08-19 06:00:00,289.54,289.17,overcast clouds,96,2.24,0,0
Nairobi,2025-08-19 09:00:00,292.14,291.61,light rain,97,2.98,0.1,0.27
Nairobi,2025-08-19 12:00:00,292.31,291.72,overcast clouds,99,3.49,0,0.07
Nairobi,2025-08-19 15:00:00,291.58,290.99,overcast clouds,100,2.53,0,0
Nairobi,2025-08-19 18:00:00,289.81,289.23,overcast clouds,100,3.22,0,0
Nairobi,2025-08-19 21:00:00,288.78,288.3,overcast clouds,100,3.01,0,0
Nairobi,2025-08-20 00:00:00,287.6,287.16,overcast clouds,100,2.16,0,0
Nairobi,2025-08-20 03:00:00,286.35,285.92,overcast clouds,95,1.15,0,0
Nairobi,2025-08-20 06:00:00,289.55,289.02,overcast clouds,91,1.21,0,0
Nairobi,2025-08-20 09:00:00,294.06,293.46,broken clouds,79,2.75,0,0
Nairobi,2025-08-20 12:00:00,294.66,293.99,overcast clouds,89,4.3,0,0
Nairobi,2025-08-20 15:00:00,292.6,291.91,overcast clouds,100,3.3,0,0
Nairobi,2025-08-20 18:00:00,290.9,290.19,overcast clouds,97,2.48,0,0
Nairobi,2025-08-20 21:00:00,288.92,288.15,scattered clouds,38,2.49,0,0
Nairobi,2025-08-21 00:00:00,286.46,285.94,scattered clouds,41,1.94,0,0
Nairobi,2025-08-21 03:00:00,285.67,285.17,broken clouds,56,1.62,0,0
Nairobi,2025-08-21 06:00:00,289.74,289.15,scattered clouds,36,1.64,0,0
Nairobi,2025-08-21 09:00:00,294.6,294,scattered clouds,28,2.97,0,0
Nairobi,2025-08-21 12:00:00,293.65,293.01,broken clouds,63,4.47,0,0
Nairobi,2025-08-21 15:00:00,293.75,293.07,overcast clouds,92,3.28,0,0
Nairobi,2025-08-21 18:00:00,289.86,289.15,overcast clouds,85,3.72,0,0
Nairobi,2025-08-21 21:00:00,288.31,287.68,broken clouds,61,3.52,0,0
Kisumu,2025-08-17 00:00:00,292.07,292.29,light rain,96,2.3,1.55,0.8
Kisumu,2025-08-17 03:00:00,291.86,292.03,light rain,86,2.54,0.21,0.42
Kisumu,2025-08-17 06:00:00,292.56,292.75,broken clouds,82,2.17,0,0.6
Kisumu,2025-08-17 09:00:00,295.43,295.54,broken clouds,84,0.9,0,0.8
Kisumu,2025-08-17 12:00:00,297.61,297.7,light rain,52,2.1,0.6,0.96
Kisumu,2025-08-17 15:00:00,295.64,295.96,light rain,33,2.51,2.93,1
Kisumu,2025-08-17 18:00:00,292.72,292.93,moderate rain,61,1.13,3.73,1
Kisumu,2025-08-17 21:00:00,292.08,292.35,light rain,92,2.24,2.74,1
Kisumu,2025-08-18 00:00:00,291.88,292.13,light rain,96,2.21,1.15,1
Kisumu,2025-08-18 03:00:00,291.81,292.03,light rain,99,3.3,0.23,0.53
Kisumu,2025-08-18 06:00:00,293.23,293.41,overcast clouds,100,0.5,0,0.42
Kisumu,2025-08-18 09:00:00,295.99,296.18,light rain,98,1.44,0.84,0.7
Kisumu,2025-08-18 12:00:00,296.62,296.82,light rain,99,2.81,2.71,0.98
Kisumu,2025-08-18 15:00:00,294.31,294.62,moderate rain,100,3.14,3.75,1
Kisumu,2025-08-18 18:00:00,292.16,292.34,light rain,98,2.29,2.61,0.98
Kisumu,2025-08-18 21:00:00,291.24,291.48,light rain,100,3.9,0.95,0.64
Kisumu,2025-08-19 00:00:00,291.33,291.53,overcast clouds,100,2.43,0,0.56
Kisumu,2025-08-19 03:00:00,291.27,291.41,overcast clouds,100,1.68,0,0.12
Kisumu,2025-08-19 06:00:00,293.16,293.23,overcast clouds,100,0.8,0,0.11
Kisumu,2025-08-19 09:00:00,295.74,295.83,light rain,96,2.18,0.62,0.64
Kisumu,2025-08-19 12:00:00,295.72,295.78,light rain,96,2.04,1.76,0.8
Kisumu,2025-08-19 15:00:00,294.33,294.51,light rain,99,0.88,1.85,0.89
Kisumu,2025-08-19 18:00:00,292.7,292.85,light rain,100,1.77,2.41,0.89
Kisumu,2025-08-19 21:00:00,291.82,291.88,light rain,98,1.66,0.59,0.48
Kisumu,2025-08-20 00:00:00,291.43,291.45,light rain,99,2.19,0.18,0.36
Kisumu,2025-08-20 03:00:00,290.7,290.63,overcast clouds,88,1.8,0,0
Kisumu,2025-08-20 06:00:00,293.5,293.44,overcast clouds,88,1.31,0,0
Kisumu,2025-08-20 09:00:00,295.45,295.38,light rain,97,1.74,0.11,0.36
Kisumu,2025-08-20 12:00:00,296.06,295.97,overcast clouds,99,2.36,0,0.44
Kisumu,2025-08-20 15:00:00,294.51,294.53,overcast clouds,100,1.01,0,0.63
Kisumu,2025-08-20 18:00:00,293.33,293.31,light rain,98,1.81,0.12,0.48
Kisumu,2025-08-20 21:00:00,293,292.95,overcast clouds,99,1.88,0,0.02
Kisumu,2025-08-21 00:00:00,291.67,291.54,overcast clouds,97,1.56,0,0
Kisumu,2025-08-21 03:00:00,290.71,290.51,overcast clouds,92,2.17,0,0
Kisumu,2025-08-21 06:00:00,293.87,293.69,broken clouds,82,1.65,0,0
Kisumu,2025-08-21 09:00:00,296.5,296.38,broken clouds,74,1.65,0,0.05
Kisumu,2025-08-21 12:00:00,298.28,298.13,scattered clouds,49,2.56,0,0.05
Kisumu,2025-08-21 15:00:00,297.09,297.26,scattered clouds,33,3.57,0,0.3
Kisumu,2025-08-21 18:00:00,293.33,293.31,light rain,53,0.32,0.25,0.39
Kisumu,2025-08-21 21:00:00,292.05,292.08,broken clouds,57,2.24,0,0
Mombasa,2025-08-17 00:00:00,295.79,296.46,clear sky,8,4.06,0,0
Mombasa,2025-08-17 03:00:00,295.58,296.23,light rain,11,4.24,0.17,0.2
Mombasa,2025-08-17 06:00:00,297.69,298.24,light rain,13,5.76,0.15,0.21
Mombasa,2025-08-17 09:00:00,300.71,302.36,light rain,14,7.01,0.1,0.29
Mombasa,2025-08-17 12:00:00,300.41,301.9,few clouds,12,7.48,0,0.04
Mombasa,2025-08-17 15:00:00,298.4,298.86,scattered clouds,26,5.99,0,0
Mombasa,2025-08-17 18:00:00,296.71,297.37,scattered clouds,36,6.23,0,0
Mombasa,2025-08-17 21:00:00,296.51,297.17,broken clouds,79,5.7,0,0
Mombasa,2025-08-18 00:00:00,295.86,296.51,broken clouds,75,4.65,0,0
Mombasa,2025-08-18 03:00:00,295.9,296.55,light rain,85,5.33,0.14,0.34
Mombasa,2025-08-18 06:00:00,298.21,298.78,light rain,88,6.37,0.57,0.3
Mombasa,2025-08-18 09:00:00,300.49,301.93,light rain,82,7.12,0.47,0.46
Mombasa,2025-08-18 12:00:00,300.16,301.54,light rain,88,6.96,0.11,0.42
Mombasa,2025-08-18 15:00:00,298.22,298.69,scattered clouds,35,6.44,0,0.13
Mombasa,2025-08-18 18:00:00,296.65,297.27,broken clouds,62,6.01,0,0
Mombasa,2025-08-18 21:00:00,296.04,296.66,overcast clouds,94,5.02,0,0
Mombasa,2025-08-19 00:00:00,295.74,296.33,broken clouds,83,4.76,0,0
Mombasa,2025-08-19 03:00:00,295.6,296.17,light rain,65,4.95,0.39,0.4
Mombasa,2025-08-19 06:00:00,298.23,298.73,light rain,55,6.57,0.44,0.39
Mombasa,2025-08-19 09:00:00,300.26,301.53,light rain,62,7.47,0.15,0.27
Mombasa,2025-08-19 12:00:00,300.09,301.37,broken clouds,59,6.76,0,0.02
Mombasa,2025-08-19 15:00:00,297.87,298.36,broken clouds,78,5.99,0,0
Mombasa,2025-08-19 18:00:00,295.93,296.51,broken clouds,61,4.92,0,0
Mombasa,2025-08-19 21:00:00,295.66,296.24,broken clouds,52,4.96,0,0
Mombasa,2025-08-20 00:00:00,295.44,296.02,scattered clouds,47,4.39,0,0
Mombasa,2025-08-20 03:00:00,296.13,296.62,overcast clouds,88,4.64,0,0
Mombasa,2025-08-20 06:00:00,298.4,298.83,light rain,93,6.21,0.19,0.21
Mombasa,2025-08-20 09:00:00,300.37,301.51,broken clouds,72,6.47,0,0.09
Mombasa,2025-08-20 12:00:00,300.16,301.39,broken clouds,83,6.66,0,0
Mombasa,2025-08-20 15:00:00,297.84,298.35,overcast clouds,92,5.87,0,0
Mombasa,2025-08-20 18:00:00,296.27,296.91,broken clouds,83,5.85,0,0
Mombasa,2025-08-20 21:00:00,296.15,296.78,broken clouds,64,6.35,0,0.2
Mombasa,2025-08-21 00:00:00,295.83,296.4,light rain,56,5.35,0.12,0.36
Mombasa,2025-08-21 03:00:00,296.07,296.64,broken clouds,64,4.58,0,0.02
Mombasa,2025-08-21 06:00:00,298.05,298.55,light rain,60,5.75,0.58,0.26
Mombasa,2025-08-21 09:00:00,300.5,301.86,light rain,56,6.22,0.66,0.53
Mombasa,2025-08-21 12:00:00,300.28,301.71,scattered clouds,40,6.81,0,0.43
Mombasa,2025-08-21 15:00:00,297.93,298.45,few clouds,12,5.97,0,0
Mombasa,2025-08-21 18:00:00,296.56,297.23,few clouds,13,6.31,0,0
Mombasa,2025-08-21 21:00:00,296.13,296.78,few clouds,20,5.22,0,0
Nakuru,2025-08-17 00:00:00,287.95,287.84,light rain,88,1.05,0.14,0.77
Nakuru,2025-08-17 03:00:00,287.64,287.52,broken clouds,81,0.98,0,0.31
Nakuru,2025-08-17 06:00:00,289.94,289.82,light rain,63,0.01,0.5,0.63
Nakuru,2025-08-17 09:00:00,293.87,293.83,light rain,40,2.97,2.97,0.99
Nakuru,2025-08-17 12:00:00,293.85,293.78,light rain,59,2.62,2.65,1
Nakuru,2025-08-17 15:00:00,290.93,291.04,moderate rain,65,1.99,4.17,1
Nakuru,2025-08-17 18:00:00,288.8,288.82,moderate rain,77,0.29,4.49,1
Nakuru,2025-08-17 21:00:00,288.9,288.88,moderate rain,94,0.83,3.11,1
Nakuru,2025-08-18 00:00:00,288.64,288.62,light rain,96,0.52,1.22,1
Nakuru,2025-08-18 03:00:00,288.37,288.38,light rain,99,0.62,1,0.9
Nakuru,2025-08-18 06:00:00,289.38,289.38,light rain,99,1.28,1.07,0.94
Nakuru,2025-08-18 09:00:00,293.09,293.02,moderate rain,100,0.52,3.18,0.99
Nakuru,2025-08-18 12:00:00,292.32,292.3,moderate rain,100,0.74,3.77,0.99
Nakuru,2025-08-18 15:00:00,289.73,289.82,moderate rain,99,0.15,5.18,1
Nakuru,2025-08-18 18:00:00,288.03,288.08,heavy intensity rain,100,2.49,13.51,1
Nakuru,2025-08-18 21:00:00,287.45,287.42,moderate rain,100,0.94,7.29,0.97
Nakuru,2025-08-19 00:00:00,287.14,287.1,moderate rain,100,2.49,4.59,1
Nakuru,2025-08-19 03:00:00,287.2,287.17,light rain,100,2.12,1.1,0.9
Nakuru,2025-08-19 06:00:00,288.63,288.56,light rain,100,0.61,0.16,0.69
Nakuru,2025-08-19 09:00:00,293.27,293.09,light rain,97,2.7,0.75,0.71
Nakuru,2025-08-19 12:00:00,291.5,291.43,light rain,99,1.59,2.77,0.93
Nakuru,2025-08-19 15:00:00,289.37,289.27,light rain,100,1.25,2.36,0.81
Nakuru,2025-08-19 18:00:00,287.95,287.71,light rain,99,1.44,0.61,0.77
Nakuru,2025-08-19 21:00:00,287.47,287.18,overcast clouds,100,1.46,0,0.22
Nakuru,2025-08-20 00:00:00,285.98,285.67,overcast clouds,100,0.34,0,0.14
Nakuru,2025-08-20 03:00:00,284.73,284.35,overcast clouds,93,1.14,0,0
Nakuru,2025-08-20 06:00:00,289.04,288.67,broken clouds,80,1.89,0,0
Nakuru,2025-08-20 09:00:00,293.91,293.61,light rain,78,2.82,0.14,0.3
Nakuru,2025-08-20 12:00:00,293.73,293.46,light rain,88,3.97,0.9,0.46
Nakuru,2025-08-20 15:00:00,290.68,290.42,light rain,99,1.99,0.79,0.67
Nakuru,2025-08-20 18:00:00,289.25,288.95,light rain,99,0.39,0.55,0.53
Nakuru,2025-08-20 21:00:00,286.51,286.28,broken clouds,84,1.12,0,0.18
Nakuru,2025-08-21 00:00:00,286.22,286.01,light rain,84,0.53,0.42,0.38
Nakuru,2025-08-21 03:00:00,285.87,285.57,overcast clouds,98,1.21,0,0
Nakuru,2025-08-21 06:00:00,288.93,288.55,overcast clouds,96,2.51,0,0
Nakuru,2025-08-21 09:00:00,294.05,293.63,broken clouds,54,2.25,0,0.1
Nakuru,2025-08-21 12:00:00,291.66,291.32,light rain,66,4.31,0.39,0.25
Nakuru,2025-08-21 15:00:00,290.48,290.12,light rain,87,2.63,0.13,0.48
Nakuru,2025-08-21 18:00:00,289.08,288.63,overcast clouds,93,0.56,0,0.43
Nakuru,2025-08-21 21:00:00,286.42,286,broken clouds,79,0.45,0,0.1
